episode,reward,avg_latency_us,deadline_misses,deadline_miss_rate,epsilon
1,-10.9139,6287.06,5,0.5,0.995
2,0.4624,4880.48,3,0.3,0.99
3,4.5395,5824.4,2,0.2,0.9851
4,-5.707,6084.16,4,0.4,0.9801
5,0.0092,5348.88,3,0.3,0.9752
6,-15.9812,6395.92,6,0.6,0.9704
7,5.4507,4876.72,2,0.2,0.9655
8,-6.2837,6702.08,4,0.4,0.9607
9,-5.5836,5958.78,4,0.4,0.9559
10,5.1877,5122.54,2,0.2,0.9511
11,-4.9052,5247.94,4,0.4,0.9464
12,5.3934,4939.34,2,0.2,0.9416
13,-5.3589,5718.22,4,0.4,0.9369
14,10.4224,4889.02,1,0.1,0.9322
15,-5.0001,5366.46,4,0.4,0.9276
16,4.7033,5679.14,2,0.2,0.9229
17,-0.8459,6233.08,3,0.3,0.9183
18,5.5804,4764.4,2,0.2,0.9137
19,-1.0334,6443.04,3,0.3,0.9092
20,4.482,5909.7,2,0.2,0.9046
21,-10.6643,6064.22,5,0.5,0.9001
22,-0.9386,6324.54,3,0.3,0.8956
23,-5.8933,6281.34,4,0.4,0.8911
24,3.9936,6442.54,2,0.2,0.8867
25,-0.4567,5814.44,3,0.3,0.8822
26,9.5302,5827.28,1,0.1,0.8778
27,-9.4301,4720.72,5,0.5,0.8734
28,4.6753,5676.84,2,0.2,0.8691
29,5.429,4918.28,2,0.2,0.8647
30,-1.012,6424.28,3,0.3,0.8604
31,-0.2972,5692.52,3,0.3,0.8561
32,0.1927,5150.72,3,0.3,0.8518
33,0.1269,5201.72,3,0.3,0.8475
34,4.971,5369.54,2,0.2,0.8433
35,-1.1482,6597.2,3,0.3,0.8391
36,0.3098,5045.92,3,0.3,0.8349
37,-6.2367,6639.64,4,0.4,0.8307
38,-1.2572,6684.28,3,0.3,0.8266
39,0.0952,5233.3,3,0.3,0.8224
40,-11.6633,7094.06,5,0.5,0.8183
41,4.4532,5948.56,2,0.2,0.8142
42,-10.6251,6023.62,5,0.5,0.8102
43,0.5116,4787.84,3,0.3,0.8061
44,-5.0556,5441.54,4,0.4,0.8021
45,-5.6353,6038.08,4,0.4,0.7981
46,6.2027,4089.96,2,0.2,0.7941
47,-0.4191,5784.02,3,0.3,0.7901
48,-6.0133,6394.02,4,0.4,0.7862
49,4.1872,6205.58,2,0.2,0.7822
50,4.6736,5665.26,2,0.2,0.7783
51,-1.0738,6463.22,3,0.3,0.7744
52,-6.3007,6678.92,4,0.4,0.7705
53,-0.038,5365.58,3,0.3,0.7667
54,-6.0543,6443.9,4,0.4,0.7629
55,4.7075,5651.62,2,0.2,0.759
56,9.7476,5613.74,1,0.1,0.7553
57,5.3916,4922.06,2,0.2,0.7515
58,10.4248,4935.02,1,0.1,0.7477
59,-10.2807,5653.4,5,0.5,0.744
60,-5.6819,6080.4,4,0.4,0.7403
61,0.0947,5277.72,3,0.3,0.7366
62,-0.7836,6198.0,3,0.3,0.7329
63,3.828,6576.12,2,0.2,0.7292
64,0.5606,4763.6,3,0.3,0.7256
65,0.1307,5219.48,3,0.3,0.7219
66,5.5237,4796.66,2,0.2,0.7183
67,-0.6991,6093.48,3,0.3,0.7147
68,4.5671,5798.78,2,0.2,0.7112
69,5.0084,5334.6,2,0.2,0.7076
70,-0.7325,6112.46,3,0.3,0.7041
71,-4.9202,5299.42,4,0.4,0.7005
72,4.6843,5662.2,2,0.2,0.697
73,-2.442,7927.86,3,0.3,0.6936
74,-6.2637,6681.34,4,0.4,0.6901
75,-0.9663,6358.96,3,0.3,0.6866
76,5.2411,5094.1,2,0.2,0.6832
77,5.56,4793.32,2,0.2,0.6798
78,-4.9669,5311.5,4,0.4,0.6764
79,10.1353,5209.16,1,0.1,0.673
80,15.0409,5295.24,0,0.0,0.6696
81,6.1212,4208.64,2,0.2,0.6663
82,5.4893,4860.42,2,0.2,0.663
83,4.8508,5539.06,2,0.2,0.6597
84,3.8,6650.56,2,0.2,0.6564
85,10.6262,4719.12,1,0.1,0.6531
86,4.4798,5888.7,2,0.2,0.6498
87,-0.3267,5729.72,3,0.3,0.6466
88,4.5694,5772.86,2,0.2,0.6433
89,8.7182,6689.8,1,0.1,0.6401
90,10.5023,4825.96,1,0.1,0.6369
91,10.3766,4991.58,1,0.1,0.6337
92,4.0892,6308.18,2,0.2,0.6306
93,-0.0191,5379.36,3,0.3,0.6274
94,-0.1681,5522.82,3,0.3,0.6243
95,4.8426,5525.24,2,0.2,0.6211
96,-6.2347,6676.84,4,0.4,0.618
97,-5.7827,6182.7,4,0.4,0.6149
98,-11.1272,6534.68,5,0.5,0.6119
99,4.3866,6004.9,2,0.2,0.6088
100,-6.593,7021.42,4,0.4,0.6058
101,-6.0461,6423.68,4,0.4,0.6027
102,4.7153,5674.32,2,0.2,0.5997
103,10.4029,4960.4,1,0.1,0.5967
104,0.5887,4761.92,3,0.3,0.5937
105,0.2307,5138.88,3,0.3,0.5908
106,5.4106,4919.08,2,0.2,0.5878
107,5.0085,5345.28,2,0.2,0.5849
108,5.1324,5191.8,2,0.2,0.582
109,-16.3108,6724.82,6,0.6,0.579
110,0.3346,4972.28,3,0.3,0.5762
111,-10.9895,6370.72,5,0.5,0.5733
112,4.7716,5595.4,2,0.2,0.5704
113,-5.1201,5466.32,4,0.4,0.5676
114,-0.3613,5739.46,3,0.3,0.5647
115,-0.2293,5604.24,3,0.3,0.5619
116,-15.767,6168.28,6,0.6,0.5591
117,-4.6244,4962.82,4,0.4,0.5563
118,-4.7486,5091.72,4,0.4,0.5535
119,-15.9486,6369.74,6,0.6,0.5507
120,5.3226,5009.28,2,0.2,0.548
121,-11.1096,6546.28,5,0.5,0.5452
122,-10.9644,6367.8,5,0.5,0.5425
123,-0.9074,6287.82,3,0.3,0.5398
124,-0.3846,5723.2,3,0.3,0.5371
125,-5.1549,5484.34,4,0.4,0.5344
126,10.616,4712.84,1,0.1,0.5318
127,-16.0736,6458.68,6,0.6,0.5291
128,-10.0816,5435.22,5,0.5,0.5264
129,0.2602,5098.1,3,0.3,0.5238
130,0.3534,5008.38,3,0.3,0.5212
131,5.8921,4435.28,2,0.2,0.5186
132,5.3679,4971.84,2,0.2,0.516
133,4.6475,5711.36,2,0.2,0.5134
134,4.476,5904.2,2,0.2,0.5108
135,-6.1229,6532.1,4,0.4,0.5083
136,-5.076,5425.24,4,0.4,0.5058
137,1.1295,4148.76,3,0.3,0.5032
138,-0.237,5577.38,3,0.3,0.5007
139,-5.3104,5692.1,4,0.4,0.4982
140,-5.578,5970.56,4,0.4,0.4957
141,10.9143,4429.66,1,0.1,0.4932
142,-5.0551,5426.28,4,0.4,0.4908
143,4.7808,5610.22,2,0.2,0.4883
144,4.0827,6339.5,2,0.2,0.4859
145,-5.4659,5860.66,4,0.4,0.4834
146,-0.8502,6230.22,3,0.3,0.481
147,-11.0681,6498.4,5,0.5,0.4786
148,-0.988,6416.16,3,0.3,0.4762
149,-1.029,6448.8,3,0.3,0.4738
150,4.5743,5782.72,2,0.2,0.4715
151,-1.5868,7027.56,3,0.3,0.4691
152,4.5114,5867.88,2,0.2,0.4668
153,-0.3747,5755.68,3,0.3,0.4644
154,5.3792,4958.48,2,0.2,0.4621
155,9.649,5741.5,1,0.1,0.4598
156,-6.0004,6394.6,4,0.4,0.4575
157,-1.4237,6849.34,3,0.3,0.4552
158,-6.0582,6462.64,4,0.4,0.4529
159,4.4043,5993.34,2,0.2,0.4507
160,-0.2795,5633.68,3,0.3,0.4484
161,-0.4734,5867.2,3,0.3,0.4462
162,-10.8604,6250.5,5,0.5,0.444
163,10.0644,5304.1,1,0.1,0.4417
164,-10.8343,6249.62,5,0.5,0.4395
165,9.4871,5925.38,1,0.1,0.4373
166,10.9197,4385.8,1,0.1,0.4351
167,-0.2735,5631.4,3,0.3,0.433
168,-11.4155,6827.28,5,0.5,0.4308
169,-5.088,5434.4,4,0.4,0.4286
170,4.7603,5598.5,2,0.2,0.4265
171,-0.4711,5863.8,3,0.3,0.4244
172,5.2969,5039.28,2,0.2,0.4223
173,-0.0029,5376.64,3,0.3,0.4201
174,-1.017,6412.1,3,0.3,0.418
175,4.7085,5642.56,2,0.2,0.4159
176,-5.8173,6188.68,4,0.4,0.4139
177,4.2902,6108.64,2,0.2,0.4118
178,5.5756,4738.3,2,0.2,0.4097
179,-5.4478,5830.76,4,0.4,0.4077
180,-0.5021,5888.96,3,0.3,0.4057
181,8.5248,6902.04,1,0.1,0.4036
182,-5.3686,5745.94,4,0.4,0.4016
183,4.832,5503.66,2,0.2,0.3996
184,0.0046,5326.8,3,0.3,0.3976
185,0.6016,4732.78,3,0.3,0.3956
186,9.5794,5785.08,1,0.1,0.3936
187,-10.9056,6309.4,5,0.5,0.3917
188,-5.1662,5538.02,4,0.4,0.3897
189,-6.242,6680.28,4,0.4,0.3878
190,4.8402,5514.58,2,0.2,0.3858
191,-4.7863,5116.74,4,0.4,0.3839
192,4.7572,5580.66,2,0.2,0.382
193,0.9614,4378.44,3,0.3,0.3801
194,4.3181,6058.46,2,0.2,0.3782
195,11.0903,4183.18,1,0.1,0.3763
196,0.728,4615.78,3,0.3,0.3744
197,0.1275,5198.96,3,0.3,0.3725
198,5.2419,5095.1,2,0.2,0.3707
199,4.4804,5909.72,2,0.2,0.3688
200,9.8319,5557.2,1,0.1,0.367
201,0.3057,5045.18,3,0.3,0.3651
202,-0.8922,6297.06,3,0.3,0.3633
203,-1.1351,6567.36,3,0.3,0.3615
204,5.2289,5158.94,2,0.2,0.3597
205,-5.2952,5647.9,4,0.4,0.3579
206,0.3259,5010.14,3,0.3,0.3561
207,9.3099,6099.76,1,0.1,0.3543
208,4.3339,6062.52,2,0.2,0.3525
209,-0.3675,5751.94,3,0.3,0.3508
210,-0.0778,5473.82,3,0.3,0.349
211,-0.3426,5711.86,3,0.3,0.3473
212,4.8812,5530.66,2,0.2,0.3455
213,5.2923,5059.52,2,0.2,0.3438
214,10.4192,4920.14,1,0.1,0.3421
215,4.8082,5583.06,2,0.2,0.3404
216,8.34,7107.44,1,0.1,0.3387
217,-5.7004,6115.32,4,0.4,0.337
218,5.0055,5378.86,2,0.2,0.3353
219,-6.3195,6747.3,4,0.4,0.3336
220,-16.0925,6479.54,6,0.6,0.332
221,-1.0955,6541.7,3,0.3,0.3303
222,10.9241,4383.32,1,0.1,0.3286
223,-0.3071,5661.38,3,0.3,0.327
224,-5.3516,5741.02,4,0.4,0.3254
225,-0.9569,6360.94,3,0.3,0.3237
226,-5.3694,5768.3,4,0.4,0.3221
227,10.2212,5128.64,1,0.1,0.3205
228,-10.6182,6009.78,5,0.5,0.3189
229,10.3124,5020.16,1,0.1,0.3173
230,-5.1789,5550.7,4,0.4,0.3157
231,-4.5578,4903.44,4,0.4,0.3141
232,-10.8533,6248.08,5,0.5,0.3126
233,0.1123,5270.5,3,0.3,0.311
234,-5.2472,5631.9,4,0.4,0.3095
235,-0.1274,5482.4,3,0.3,0.3079
236,-5.5254,5902.68,4,0.4,0.3064
237,0.3393,5040.12,3,0.3,0.3048
238,-0.0025,5365.12,3,0.3,0.3033
239,9.5419,5857.3,1,0.1,0.3018
240,-5.3368,5727.16,4,0.4,0.3003
241,10.1411,5191.42,1,0.1,0.2988
242,4.0942,6324.86,2,0.2,0.2973
243,5.6934,4630.42,2,0.2,0.2958
244,-5.5383,5935.32,4,0.4,0.2943
245,-0.2534,5634.86,3,0.3,0.2929
246,4.4021,5966.14,2,0.2,0.2914
247,5.1805,5179.32,2,0.2,0.2899
248,9.8144,5551.4,1,0.1,0.2885
249,4.607,5792.46,2,0.2,0.287
250,10.6733,4660.34,1,0.1,0.2856
251,4.8871,5488.8,2,0.2,0.2842
252,-15.1611,5500.38,6,0.6,0.2828
253,-4.5992,4939.74,4,0.4,0.2813
254,4.3797,5993.42,2,0.2,0.2799
255,4.3587,6045.0,2,0.2,0.2785
256,5.5671,4782.54,2,0.2,0.2771
257,-0.3166,5677.18,3,0.3,0.2758
258,10.5091,4842.94,1,0.1,0.2744
259,-0.289,5657.84,3,0.3,0.273
260,-1.148,6567.74,3,0.3,0.2716
261,4.3244,6044.9,2,0.2,0.2703
262,5.0017,5348.42,2,0.2,0.2689
263,5.3295,5013.42,2,0.2,0.2676
264,0.209,5150.04,3,0.3,0.2663
265,15.6745,4679.14,0,0.0,0.2649
266,3.9086,6510.9,2,0.2,0.2636
267,5.35,4989.5,2,0.2,0.2623
268,-1.2283,6631.46,3,0.3,0.261
269,9.3607,6040.46,1,0.1,0.2597
270,4.7336,5652.1,2,0.2,0.2584
271,5.4661,4866.0,2,0.2,0.2571
272,-5.0059,5395.0,4,0.4,0.2558
273,-4.3815,4742.26,4,0.4,0.2545
274,-5.5864,5956.92,4,0.4,0.2532
275,-5.361,5737.64,4,0.4,0.252
276,9.9225,5471.38,1,0.1,0.2507
277,-0.8215,6185.54,3,0.3,0.2495
278,-5.5357,5907.0,4,0.4,0.2482
279,4.5189,5861.76,2,0.2,0.247
280,-6.235,6670.5,4,0.4,0.2457
281,5.0975,5233.52,2,0.2,0.2445
282,9.5359,5860.52,1,0.1,0.2433
283,-10.9055,6317.44,5,0.5,0.2421
284,-0.1746,5543.24,3,0.3,0.2409
285,-0.0836,5460.88,3,0.3,0.2397
286,1.0405,4279.1,3,0.3,0.2385
287,10.7529,4530.48,1,0.1,0.2373
288,9.0887,6326.64,1,0.1,0.2361
289,5.8026,4520.06,2,0.2,0.2349
290,-0.3011,5708.12,3,0.3,0.2337
291,4.4108,5995.32,2,0.2,0.2326
292,-5.3753,5757.88,4,0.4,0.2314
293,9.2274,6173.54,1,0.1,0.2302
294,9.3537,6054.3,1,0.1,0.2291
295,10.1424,5221.22,1,0.1,0.2279
296,-4.3502,4656.4,4,0.4,0.2268
297,5.5456,4771.76,2,0.2,0.2257
298,5.3271,5045.4,2,0.2,0.2245
299,-5.2189,5603.08,4,0.4,0.2234
300,15.04,5330.72,0,0.0,0.2223
