objective,selector_output,sample_index,raw_action,biased_action,action_changed,raw_retained_fraction,biased_retained_fraction,raw_retained_dims,biased_retained_dims,raw_mse,biased_mse,raw_quality,biased_quality
LATENCY_CRITICAL,LATENCY_CRITICAL,0,0,0,False,0.25,0.25,4,4,0.6894443035125732,0.6894443035125732,0.5919106051148716,0.5919106051148716
LATENCY_CRITICAL,LATENCY_CRITICAL,1,0,0,False,0.25,0.25,4,4,0.5564863085746765,0.5564863085746765,0.6424727249388602,0.6424727249388602
LATENCY_CRITICAL,LATENCY_CRITICAL,2,0,0,False,0.25,0.25,4,4,1.1656898260116577,1.1656898260116577,0.461746639795415,0.461746639795415
LATENCY_CRITICAL,LATENCY_CRITICAL,3,1,1,False,0.5,0.5,8,8,0.22809608280658722,0.22809608280658722,0.8142685364769541,0.8142685364769541
LATENCY_CRITICAL,LATENCY_CRITICAL,4,1,1,False,0.5,0.5,8,8,0.48322251439094543,0.48322251439094543,0.6742076730210836,0.6742076730210836
LATENCY_CRITICAL,LATENCY_CRITICAL,5,1,1,False,0.5,0.5,8,8,0.34917977452278137,0.34917977452278137,0.7411910694804998,0.7411910694804998
LATENCY_CRITICAL,LATENCY_CRITICAL,6,0,0,False,0.25,0.25,4,4,0.5986396670341492,0.5986396670341492,0.6255318322328597,0.6255318322328597
LATENCY_CRITICAL,LATENCY_CRITICAL,7,0,0,False,0.25,0.25,4,4,0.6783624887466431,0.6783624887466431,0.5958188452762512,0.5958188452762512
LATENCY_CRITICAL,LATENCY_CRITICAL,8,2,2,False,0.75,0.75,12,12,0.08250489085912704,0.08250489085912704,0.9237833551092344,0.9237833551092344
LATENCY_CRITICAL,LATENCY_CRITICAL,9,0,0,False,0.25,0.25,4,4,0.6442700028419495,0.6442700028419495,0.608172622666353,0.608172622666353
LATENCY_CRITICAL,LATENCY_CRITICAL,10,2,2,False,0.75,0.75,12,12,0.15209196507930756,0.15209196507930756,0.867986263519477,0.867986263519477
LATENCY_CRITICAL,LATENCY_CRITICAL,11,1,1,False,0.5,0.5,8,8,0.40383052825927734,0.40383052825927734,0.7123366958260843,0.7123366958260843
LATENCY_CRITICAL,LATENCY_CRITICAL,12,1,1,False,0.5,0.5,8,8,0.5443964600563049,0.5443964600563049,0.6475021316505365,0.6475021316505365
LATENCY_CRITICAL,LATENCY_CRITICAL,13,2,2,False,0.75,0.75,12,12,0.14151549339294434,0.14151549339294434,0.8760284076632936,0.8760284076632936
LATENCY_CRITICAL,LATENCY_CRITICAL,14,2,2,False,0.75,0.75,12,12,0.14486412703990936,0.14486412703990936,0.873466096440229,0.873466096440229
LATENCY_CRITICAL,LATENCY_CRITICAL,15,0,0,False,0.25,0.25,4,4,0.825432300567627,0.825432300567627,0.5478154405885363,0.5478154405885363
LATENCY_CRITICAL,LATENCY_CRITICAL,16,1,1,False,0.5,0.5,8,8,0.43538835644721985,0.43538835644721985,0.6966755690251906,0.6966755690251906
LATENCY_CRITICAL,LATENCY_CRITICAL,17,0,0,False,0.25,0.25,4,4,1.0591521263122559,1.0591521263122559,0.4856367760408767,0.4856367760408767
LATENCY_CRITICAL,LATENCY_CRITICAL,18,1,1,False,0.5,0.5,8,8,0.6493322253227234,0.6493322253227234,0.6063059853234426,0.6063059853234426
LATENCY_CRITICAL,LATENCY_CRITICAL,19,0,0,False,0.25,0.25,4,4,0.781006932258606,0.781006932258606,0.561480127835234,0.561480127835234
LATENCY_CRITICAL,LATENCY_CRITICAL,20,2,2,False,0.75,0.75,12,12,0.23969389498233795,0.23969389498233795,0.806650741806103,0.806650741806103
LATENCY_CRITICAL,LATENCY_CRITICAL,21,1,1,False,0.5,0.5,8,8,0.23663029074668884,0.23663029074668884,0.8086491229292069,0.8086491229292069
LATENCY_CRITICAL,LATENCY_CRITICAL,22,0,0,False,0.25,0.25,4,4,0.4290509521961212,0.4290509521961212,0.6997651122678523,0.6997651122678523
LATENCY_CRITICAL,LATENCY_CRITICAL,23,1,1,False,0.5,0.5,8,8,0.32243674993515015,0.32243674993515015,0.7561798324562881,0.7561798324562881
LATENCY_CRITICAL,LATENCY_CRITICAL,24,1,1,False,0.5,0.5,8,8,1.0828765630722046,1.0828765630722046,0.4801052629470363,0.4801052629470363
QUALITY_CRITICAL,QUALITY_CRITICAL,25,2,2,False,0.75,0.75,12,12,0.26657313108444214,0.26657313108444214,0.7895319863163355,0.7895319863163355
QUALITY_CRITICAL,QUALITY_CRITICAL,26,2,2,False,0.75,0.75,12,12,0.15352821350097656,0.15352821350097656,0.86690554101402,0.86690554101402
QUALITY_CRITICAL,QUALITY_CRITICAL,27,2,2,False,0.75,0.75,12,12,0.5134251713752747,0.5134251713752747,0.6607528531399298,0.6607528531399298
QUALITY_CRITICAL,QUALITY_CRITICAL,28,2,2,False,0.75,0.75,12,12,0.12451338768005371,0.12451338768005371,0.8892735390754812,0.8892735390754812
QUALITY_CRITICAL,QUALITY_CRITICAL,29,2,2,False,0.75,0.75,12,12,0.5130507946014404,0.5130507946014404,0.6609163443606759,0.6609163443606759
QUALITY_CRITICAL,QUALITY_CRITICAL,30,2,2,False,0.75,0.75,12,12,0.1974617838859558,0.1974617838859558,0.8350997196376818,0.8350997196376818
QUALITY_CRITICAL,QUALITY_CRITICAL,31,2,2,False,0.75,0.75,12,12,0.25915223360061646,0.25915223360061646,0.7941851456201161,0.7941851456201161
QUALITY_CRITICAL,QUALITY_CRITICAL,32,2,2,False,0.75,0.75,12,12,0.2628226578235626,0.2628226578235626,0.7918768275218234,0.7918768275218234
QUALITY_CRITICAL,QUALITY_CRITICAL,33,2,2,False,0.75,0.75,12,12,0.04977838695049286,0.04977838695049286,0.9525820043837115,0.9525820043837115
QUALITY_CRITICAL,QUALITY_CRITICAL,34,2,2,False,0.75,0.75,12,12,0.10237584263086319,0.10237584263086319,0.9071316345371473,0.9071316345371473
QUALITY_CRITICAL,QUALITY_CRITICAL,35,2,2,False,0.75,0.75,12,12,0.3857392966747284,0.3857392966747284,0.7216364596137508,0.7216364596137508
QUALITY_CRITICAL,QUALITY_CRITICAL,36,2,2,False,0.75,0.75,12,12,0.24198393523693085,0.24198393523693085,0.8051633935258848,0.8051633935258848
QUALITY_CRITICAL,QUALITY_CRITICAL,37,2,2,False,0.75,0.75,12,12,0.8784142732620239,0.8784142732620239,0.532363927507544,0.532363927507544
QUALITY_CRITICAL,QUALITY_CRITICAL,38,2,2,False,0.75,0.75,12,12,0.2800710201263428,0.2800710201263428,0.7812066551598834,0.7812066551598834
QUALITY_CRITICAL,QUALITY_CRITICAL,39,2,2,False,0.75,0.75,12,12,0.3574887216091156,0.3574887216091156,0.7366543707373406,0.7366543707373406
QUALITY_CRITICAL,QUALITY_CRITICAL,40,2,2,False,0.75,0.75,12,12,0.18658190965652466,0.18658190965652466,0.842756822653285,0.842756822653285
QUALITY_CRITICAL,QUALITY_CRITICAL,41,2,2,False,0.75,0.75,12,12,0.30200570821762085,0.30200570821762085,0.7680457878859447,0.7680457878859447
QUALITY_CRITICAL,QUALITY_CRITICAL,42,2,2,False,0.75,0.75,12,12,0.2968160808086395,0.2968160808086395,0.7711193705868009,0.7711193705868009
QUALITY_CRITICAL,QUALITY_CRITICAL,43,2,2,False,0.75,0.75,12,12,0.32774850726127625,0.32774850726127625,0.7531546784132205,0.7531546784132205
QUALITY_CRITICAL,QUALITY_CRITICAL,44,2,2,False,0.75,0.75,12,12,0.07466695457696915,0.07466695457696915,0.9305208425187309,0.9305208425187309
QUALITY_CRITICAL,QUALITY_CRITICAL,45,2,2,False,0.75,0.75,12,12,0.12151803821325302,0.12151803821325302,0.8916486101223574,0.8916486101223574
QUALITY_CRITICAL,QUALITY_CRITICAL,46,2,2,False,0.75,0.75,12,12,0.0628853440284729,0.0628853440284729,0.9408352515332187,0.9408352515332187
QUALITY_CRITICAL,QUALITY_CRITICAL,47,2,2,False,0.75,0.75,12,12,0.08099672943353653,0.08099672943353653,0.9250721790102173,0.9250721790102173
QUALITY_CRITICAL,QUALITY_CRITICAL,48,2,2,False,0.75,0.75,12,12,0.29928532242774963,0.29928532242774963,0.7696538879785643,0.7696538879785643
QUALITY_CRITICAL,QUALITY_CRITICAL,49,2,2,False,0.75,0.75,12,12,0.3159514367580414,0.3159514367580414,0.7599064616423729,0.7599064616423729
BANDWIDTH_EFFICIENT,BANDWIDTH_EFFICIENT,50,0,0,False,0.25,0.25,4,4,0.6979880332946777,0.6979880332946777,0.5889323012834536,0.5889323012834536
BANDWIDTH_EFFICIENT,BANDWIDTH_EFFICIENT,51,0,0,False,0.25,0.25,4,4,0.9118831753730774,0.9118831753730774,0.523044510711207,0.523044510711207
BANDWIDTH_EFFICIENT,BANDWIDTH_EFFICIENT,52,0,0,False,0.25,0.25,4,4,0.6164337992668152,0.6164337992668152,0.6186458118195634,0.6186458118195634
BANDWIDTH_EFFICIENT,BANDWIDTH_EFFICIENT,53,0,0,False,0.25,0.25,4,4,0.8495075702667236,0.8495075702667236,0.5406844589750918,0.5406844589750918
BANDWIDTH_EFFICIENT,BANDWIDTH_EFFICIENT,54,0,0,False,0.25,0.25,4,4,0.4922899901866913,0.4922899901866913,0.6701110418055516,0.6701110418055516
BANDWIDTH_EFFICIENT,BANDWIDTH_EFFICIENT,55,0,0,False,0.25,0.25,4,4,0.5378629565238953,0.5378629565238953,0.6502529993051835,0.6502529993051835
BANDWIDTH_EFFICIENT,BANDWIDTH_EFFICIENT,56,0,0,False,0.25,0.25,4,4,0.9527783393859863,0.9527783393859863,0.5120908911322883,0.5120908911322883
BANDWIDTH_EFFICIENT,BANDWIDTH_EFFICIENT,57,0,0,False,0.25,0.25,4,4,1.1977423429489136,1.1977423429489136,0.45501239178847863,0.45501239178847863
BANDWIDTH_EFFICIENT,BANDWIDTH_EFFICIENT,58,0,0,False,0.25,0.25,4,4,0.6799558401107788,0.6799558401107788,0.5952537418686306,0.5952537418686306
BANDWIDTH_EFFICIENT,BANDWIDTH_EFFICIENT,59,0,0,False,0.25,0.25,4,4,0.7260013818740845,0.7260013818740845,0.5793738119225632,0.5793738119225632
BANDWIDTH_EFFICIENT,BANDWIDTH_EFFICIENT,60,0,0,False,0.25,0.25,4,4,0.7578138709068298,0.7578138709068298,0.5688884452163954,0.5688884452163954
BANDWIDTH_EFFICIENT,BANDWIDTH_EFFICIENT,61,0,0,False,0.25,0.25,4,4,0.9211189150810242,0.9211189150810242,0.5205299849737955,0.5205299849737955
BANDWIDTH_EFFICIENT,BANDWIDTH_EFFICIENT,62,0,0,False,0.25,0.25,4,4,0.5411583185195923,0.5411583185195923,0.6488626041746193,0.6488626041746193
BANDWIDTH_EFFICIENT,BANDWIDTH_EFFICIENT,63,0,0,False,0.25,0.25,4,4,0.7354690432548523,0.7354690432548523,0.5762131015166433,0.5762131015166433
BANDWIDTH_EFFICIENT,BANDWIDTH_EFFICIENT,64,0,0,False,0.25,0.25,4,4,0.5929524302482605,0.5929524302482605,0.6277651366175139,0.6277651366175139
BANDWIDTH_EFFICIENT,BANDWIDTH_EFFICIENT,65,0,0,False,0.25,0.25,4,4,0.79643315076828,0.79643315076828,0.556658620763222,0.556658620763222
BANDWIDTH_EFFICIENT,BANDWIDTH_EFFICIENT,66,0,0,False,0.25,0.25,4,4,0.8937414288520813,0.8937414288520813,0.528055195268218,0.528055195268218
BANDWIDTH_EFFICIENT,BANDWIDTH_EFFICIENT,67,0,0,False,0.25,0.25,4,4,0.3874720633029938,0.3874720633029938,0.7207352324049077,0.7207352324049077
BANDWIDTH_EFFICIENT,BANDWIDTH_EFFICIENT,68,0,0,False,0.25,0.25,4,4,0.3776625692844391,0.3776625692844391,0.7258671479471219,0.7258671479471219
BANDWIDTH_EFFICIENT,BANDWIDTH_EFFICIENT,69,0,0,False,0.25,0.25,4,4,0.8305729627609253,0.8305729627609253,0.5462770511434681,0.5462770511434681
BANDWIDTH_EFFICIENT,BANDWIDTH_EFFICIENT,70,0,0,False,0.25,0.25,4,4,1.638675570487976,1.638675570487976,0.37897800365623113,0.37897800365623113
BANDWIDTH_EFFICIENT,BANDWIDTH_EFFICIENT,71,0,0,False,0.25,0.25,4,4,0.9275863170623779,0.9275863170623779,0.5187835123897279,0.5187835123897279
BANDWIDTH_EFFICIENT,BANDWIDTH_EFFICIENT,72,0,0,False,0.25,0.25,4,4,0.5998607277870178,0.5998607277870178,0.6250544079441429,0.6250544079441429
BANDWIDTH_EFFICIENT,BANDWIDTH_EFFICIENT,73,0,0,False,0.25,0.25,4,4,0.9105269908905029,0.9105269908905029,0.5234157930079264,0.5234157930079264
BANDWIDTH_EFFICIENT,BANDWIDTH_EFFICIENT,74,0,0,False,0.25,0.25,4,4,0.581922709941864,0.581922709941864,0.6321421354629584,0.6321421354629584
BALANCED,BALANCED,75,0,0,False,0.25,0.25,4,4,1.178567886352539,1.178567886352539,0.45901713977536274,0.45901713977536274
BALANCED,BALANCED,76,2,2,False,0.75,0.75,12,12,0.13776583969593048,0.13776583969593048,0.8789154719808177,0.8789154719808177
BALANCED,BALANCED,77,2,2,False,0.75,0.75,12,12,0.49051782488822937,0.49051782488822937,0.6709077766815622,0.6709077766815622
BALANCED,BALANCED,78,0,0,False,0.25,0.25,4,4,0.8686510324478149,0.8686510324478149,0.5351453977418476,0.5351453977418476
BALANCED,BALANCED,79,0,0,False,0.25,0.25,4,4,0.5774558782577515,0.5774558782577515,0.6339321522605548,0.6339321522605548
BALANCED,BALANCED,80,0,0,False,0.25,0.25,4,4,1.985642671585083,1.985642671585083,0.33493626331013626,0.33493626331013626
BALANCED,BALANCED,81,1,1,False,0.5,0.5,8,8,0.1584727168083191,0.1584727168083191,0.86320548208945,0.86320548208945
BALANCED,BALANCED,82,1,1,False,0.5,0.5,8,8,0.5065274238586426,0.5065274238586426,0.6637781590717527,0.6637781590717527
BALANCED,BALANCED,83,1,1,False,0.5,0.5,8,8,0.19536297023296356,0.19536297023296356,0.8365659844767573,0.8365659844767573
BALANCED,BALANCED,84,0,0,False,0.25,0.25,4,4,0.9590141177177429,0.9590141177177429,0.5104608440315902,0.5104608440315902
BALANCED,BALANCED,85,1,1,False,0.5,0.5,8,8,0.78411865234375,0.78411865234375,0.5605008381512777,0.5605008381512777
BALANCED,BALANCED,86,2,2,False,0.75,0.75,12,12,0.05705897882580757,0.05705897882580757,0.946021007371614,0.946021007371614
BALANCED,BALANCED,87,2,2,False,0.75,0.75,12,12,0.37921103835105896,0.37921103835105896,0.7250522017251024,0.7250522017251024
BALANCED,BALANCED,88,2,2,False,0.75,0.75,12,12,0.07110852003097534,0.07110852003097534,0.93361221696853,0.93361221696853
BALANCED,BALANCED,89,2,2,False,0.75,0.75,12,12,0.23677273094654083,0.23677273094654083,0.8085559901006781,0.8085559901006781
BALANCED,BALANCED,90,2,2,False,0.75,0.75,12,12,0.1028037965297699,0.1028037965297699,0.9067796131521617,0.9067796131521617
BALANCED,BALANCED,91,1,1,False,0.5,0.5,8,8,0.3298395574092865,0.3298395574092865,0.7519704120910193,0.7519704120910193
BALANCED,BALANCED,92,2,2,False,0.75,0.75,12,12,0.08162450790405273,0.08162450790405273,0.9245352640333355,0.9245352640333355
BALANCED,BALANCED,93,2,2,False,0.75,0.75,12,12,0.14181847870349884,0.14181847870349884,0.8757959506273453,0.8757959506273453
BALANCED,BALANCED,94,2,2,False,0.75,0.75,12,12,0.23261187970638275,0.23261187970638275,0.8112853822552866,0.8112853822552866
BALANCED,BALANCED,95,2,2,False,0.75,0.75,12,12,0.09461667388677597,0.09461667388677597,0.9135618192706584,0.9135618192706584
BALANCED,BALANCED,96,2,2,False,0.75,0.75,12,12,0.09619531035423279,0.09619531035423279,0.9122461942268778,0.9122461942268778
BALANCED,BALANCED,97,1,1,False,0.5,0.5,8,8,0.4140658378601074,0.4140658378601074,0.7071806511592774,0.7071806511592774
BALANCED,BALANCED,98,0,0,False,0.25,0.25,4,4,1.3170002698898315,1.3170002698898315,0.43159252633472844,0.43159252633472844
BALANCED,BALANCED,99,2,2,False,0.75,0.75,12,12,0.07580822706222534,0.07580822706222534,0.9295336983346563,0.9295336983346563
