flow_id,objective,ppo_action,retained_latent_dims,retained_latent_fraction,reconstruction_mse,semantic_quality,estimated_packet_bytes,arrival_time_us,start_time_us,completion_time_us,network_latency_us,queueing_delay_us,deadline_us,deadline_met
1,BANDWIDTH_EFFICIENT,0,4,0.25,0.6894443035125732,0.5919106051148716,548,759,65599.80000000002,66138.20000000001,65379.20000000001,64840.80000000002,3000,False
2,BALANCED,1,8,0.5,0.24982070922851562,0.8001147625544436,1064,142,4346.2,5297.4,5155.4,4204.2,5000,False
3,BALANCED,0,4,0.25,1.1656898260116577,0.461746639795415,548,758,65061.400000000016,65599.80000000002,64841.80000000002,64303.400000000016,3000,False
4,BANDWIDTH_EFFICIENT,0,4,0.25,0.37425997853279114,0.7276643543586532,548,432,34210.20000000001,34748.60000000001,34316.60000000001,33778.20000000001,3000,False
5,QUALITY_CRITICAL,2,12,0.75,0.21906353533267975,0.8203017898711097,1580,223,15473.399999999998,16837.399999999998,16614.399999999998,15250.399999999998,2000,False
6,BALANCED,2,12,0.75,0.16204406321048737,0.8605525656550466,1580,27,84587.79999999993,85951.79999999993,85924.79999999993,84560.79999999993,10000,False
7,BALANCED,0,4,0.25,0.5986396670341492,0.6255318322328597,548,665,56375.000000000015,56913.400000000016,56248.400000000016,55710.000000000015,5000,False
8,BALANCED,0,4,0.25,0.6783624887466431,0.5958188452762512,548,225,17914.2,18452.600000000002,18227.600000000002,17689.2,10000,False
9,BALANCED,0,4,0.25,0.3453530967235565,0.7432992888152398,548,828,69655.79999999999,70194.19999999998,69366.19999999998,68827.79999999999,11000,False
10,QUALITY_CRITICAL,2,12,0.75,0.20901818573474884,0.8271174179173132,1580,714,61795.000000000015,63159.000000000015,62445.000000000015,61081.000000000015,14000,False
11,BALANCED,2,12,0.75,0.15209196507930756,0.867986263519477,1580,159,6661.4,8025.4,7866.4,6502.4,7000,False
12,BALANCED,0,4,0.25,1.0038121938705444,0.4990487646790938,548,104,84049.39999999994,84587.79999999993,84483.79999999993,83945.39999999994,14000,False
13,BALANCED,0,4,0.25,1.0661704540252686,0.48398717446173023,548,367,28503.00000000001,29041.400000000012,28674.400000000012,28136.00000000001,8000,False
14,QUALITY_CRITICAL,2,12,0.75,0.14151549339294434,0.8760284076632936,1580,826,67753.4,69117.4,68291.4,66927.4,11000,False
15,BANDWIDTH_EFFICIENT,0,4,0.25,0.9418951272964478,0.5149608678364745,548,549,46863.000000000015,47401.400000000016,46852.400000000016,46314.000000000015,13000,False
16,BANDWIDTH_EFFICIENT,0,4,0.25,0.825432300567627,0.5478154405885363,548,565,49303.80000000002,49842.20000000002,49277.20000000002,48738.80000000002,8000,False
17,BALANCED,2,12,0.75,0.19397881627082825,0.8375357974300707,1580,633,54059.80000000002,55423.80000000002,54790.80000000002,53426.80000000002,15000,False
18,BALANCED,2,12,0.75,0.2606023848056793,0.7932715438692027,1580,721,63159.000000000015,64523.000000000015,63802.000000000015,62438.000000000015,11000,False
19,BALANCED,0,4,0.25,1.195314645767212,0.455515568999688,548,233,18452.600000000002,18991.000000000004,18758.000000000004,18219.600000000002,2000,False
20,BALANCED,0,4,0.25,0.781006932258606,0.561480127835234,548,887,72922.19999999998,73460.59999999998,72573.59999999998,72035.19999999998,3000,False
21,BANDWIDTH_EFFICIENT,1,8,0.5,0.5202551484107971,0.6577843206420664,1064,464,40743.000000000015,41694.20000000001,41230.20000000001,40279.000000000015,8000,False
22,BALANCED,2,12,0.75,0.1459813416004181,0.8726145563621933,1580,166,8976.6,10340.6,10174.6,8810.6,15000,True
23,QUALITY_CRITICAL,2,12,0.75,0.07859848439693451,0.9271290609675941,1580,686,58403.000000000015,59767.000000000015,59081.000000000015,57717.000000000015,7000,False
24,BALANCED,1,8,0.5,0.32243674993515015,0.7561798324562881,1064,663,55423.80000000002,56375.000000000015,55712.000000000015,54760.80000000002,13000,False
25,QUALITY_CRITICAL,2,12,0.75,0.5595250725746155,0.6412208547241263,1580,175,11417.4,12781.4,12606.4,11242.4,11000,False
26,BALANCED,0,4,0.25,1.3494678735733032,0.42562829279257225,548,167,10340.6,10879.0,10712.0,10173.6,13000,True
27,BALANCED,1,8,0.5,0.32045063376426697,0.7573172176450519,1064,947,76726.99999999997,77678.19999999997,76731.19999999997,75779.99999999997,8000,False
28,BANDWIDTH_EFFICIENT,0,4,0.25,1.4115517139434814,0.4146707674639718,548,224,16837.399999999998,17375.8,17151.8,16613.399999999998,13000,False
29,BALANCED,0,4,0.25,0.5077203512191772,0.6632529694192806,548,234,18991.000000000004,19529.400000000005,19295.400000000005,18757.000000000004,7000,False
30,BANDWIDTH_EFFICIENT,0,4,0.25,1.3238381147384644,0.43032257439006016,548,410,32307.800000000014,32846.20000000001,32436.20000000001,31897.800000000014,14000,False
31,QUALITY_CRITICAL,2,12,0.75,0.1974617838859558,0.8350997196376818,1580,935,75362.99999999997,76726.99999999997,75791.99999999997,74427.99999999997,3000,False
32,BALANCED,0,4,0.25,1.1775175333023071,0.4592385524829521,548,217,14396.599999999999,14934.999999999998,14717.999999999998,14179.599999999999,13000,False
33,QUALITY_CRITICAL,2,12,0.75,0.2628226578235626,0.7918768275218234,1580,905,73460.59999999998,74824.59999999998,73919.59999999998,72555.59999999998,9000,False
34,BALANCED,0,4,0.25,0.45720767974853516,0.6862439814842084,548,271,24159.800000000007,24698.200000000008,24427.200000000008,23888.800000000007,9000,False
35,LATENCY_CRITICAL,0,4,0.25,0.5552550554275513,0.6429813531293055,548,551,47401.400000000016,47939.80000000002,47388.80000000002,46850.400000000016,5000,False
36,BALANCED,2,12,0.75,0.3857392966747284,0.7216364596137508,1580,438,38015.000000000015,39379.000000000015,38941.000000000015,37577.000000000015,13000,False
37,BALANCED,0,4,0.25,0.8280914425849915,0.5470185881872307,548,224,17375.8,17914.2,17690.2,17151.8,8000,False
38,QUALITY_CRITICAL,2,12,0.75,0.8784142732620239,0.532363927507544,1580,93,82685.39999999994,84049.39999999994,83956.39999999994,82592.39999999994,10000,False
39,BALANCED,2,12,0.75,0.2800710201263428,0.7812066551598834,1580,156,5297.4,6661.4,6505.4,5141.4,15000,True
40,BANDWIDTH_EFFICIENT,0,4,0.25,1.3305919170379639,0.4290755462976707,548,432,34748.60000000001,35287.000000000015,34855.000000000015,34316.60000000001,4000,False
41,LATENCY_CRITICAL,2,12,0.75,0.18658190965652466,0.842756822653285,1580,390,29579.800000000014,30943.800000000014,30553.800000000014,29189.800000000014,3000,False
42,BALANCED,0,4,0.25,0.8609689474105835,0.5373544794454709,548,257,23621.400000000005,24159.800000000007,23902.800000000007,23364.400000000005,9000,False
43,BANDWIDTH_EFFICIENT,0,4,0.25,0.9699575304985046,0.5076251566433244,548,696,59767.000000000015,60305.400000000016,59609.400000000016,59071.000000000015,15000,False
44,BALANCED,0,4,0.25,1.9828977584838867,0.3352444773394676,548,906,74824.59999999998,75362.99999999997,74456.99999999997,73918.59999999998,3000,False
45,BALANCED,0,4,0.25,0.5735822319984436,0.6354926864737178,548,787,67215.0,67753.4,66966.4,66428.0,14000,False
46,BALANCED,2,12,0.75,0.12151803821325302,0.8916486101223574,1580,300,24698.200000000008,26062.200000000008,25762.200000000008,24398.200000000008,7000,False
47,BALANCED,0,4,0.25,0.40251651406288147,0.7130040822857401,548,3,3,541.4,538.4,0.0,4000,True
48,BANDWIDTH_EFFICIENT,1,8,0.5,0.20269930362701416,0.8314630240362424,1064,995,80657.39999999995,81608.59999999995,80613.59999999995,79662.39999999995,13000,False
49,BALANCED,0,4,0.25,0.9587390422821045,0.5105325305789133,548,519,44960.60000000001,45499.000000000015,44980.000000000015,44441.60000000001,14000,False
50,BANDWIDTH_EFFICIENT,0,4,0.25,1.2675548791885376,0.44100365957090215,548,305,26062.200000000008,26600.60000000001,26295.60000000001,25757.200000000008,15000,False
51,BALANCED,0,4,0.25,0.6979880332946777,0.5889323012834536,548,203,13858.199999999999,14396.599999999999,14193.599999999999,13655.199999999999,10000,False
52,QUALITY_CRITICAL,2,12,0.75,0.14782637357711792,0.8712119036641163,1580,552,47939.80000000002,49303.80000000002,48751.80000000002,47387.80000000002,7000,False
53,BANDWIDTH_EFFICIENT,0,4,0.25,0.6164337992668152,0.6186458118195634,548,331,26600.60000000001,27139.00000000001,26808.00000000001,26269.60000000001,2000,False
54,BALANCED,2,12,0.75,0.09732218086719513,0.9113093833660748,1580,951,78216.59999999996,79580.59999999996,78629.59999999996,77265.59999999996,2000,False
55,BALANCED,2,12,0.75,0.15108519792556763,0.8687454254490924,1580,245,19529.400000000005,20893.400000000005,20648.400000000005,19284.400000000005,15000,False
56,BALANCED,0,4,0.25,0.5378629565238953,0.6502529993051835,548,969,80118.99999999996,80657.39999999995,79688.39999999995,79149.99999999996,5000,False
57,QUALITY_CRITICAL,2,12,0.75,0.1325477957725525,0.8829649430537836,1580,497,43596.60000000001,44960.60000000001,44463.60000000001,43099.60000000001,3000,False
58,BALANCED,0,4,0.25,1.1977423429489136,0.45501239178847863,548,784,66676.6,67215.0,66431.0,65892.6,14000,False
59,QUALITY_CRITICAL,2,12,0.75,0.0506460927426815,0.951795287592541,1580,486,42232.60000000001,43596.60000000001,43110.60000000001,41746.60000000001,4000,False
60,QUALITY_CRITICAL,2,12,0.75,0.25063711404800415,0.79959245473153,1580,540,45499.000000000015,46863.000000000015,46323.000000000015,44959.000000000015,4000,False
61,BANDWIDTH_EFFICIENT,0,4,0.25,0.7578138709068298,0.5688884452163954,548,951,79580.59999999996,80118.99999999996,79167.99999999996,78629.59999999996,8000,False
62,BALANCED,0,4,0.25,0.9211189150810242,0.5205299849737955,548,706,60305.400000000016,60843.80000000002,60137.80000000002,59599.400000000016,14000,False
63,QUALITY_CRITICAL,2,12,0.75,0.16573986411094666,0.8578243146575858,1580,408,30943.800000000014,32307.800000000014,31899.800000000014,30535.800000000014,13000,False
64,BALANCED,2,12,0.75,0.10211305320262909,0.9073479323142949,1580,448,39379.000000000015,40743.000000000015,40295.000000000015,38931.000000000015,12000,False
65,QUALITY_CRITICAL,2,12,0.75,0.10811685025691986,0.902431904873703,1580,253,20893.400000000005,22257.400000000005,22004.400000000005,20640.400000000005,9000,False
66,BALANCED,0,4,0.25,0.79643315076828,0.556658620763222,548,21,541.4,1079.8,1058.8,520.4,3000,True
67,QUALITY_CRITICAL,2,12,0.75,0.25508221983909607,0.7967605501798933,1580,602,52695.80000000002,54059.80000000002,53457.80000000002,52093.80000000002,10000,False
68,BANDWIDTH_EFFICIENT,0,4,0.25,0.3874720633029938,0.7207352324049077,548,724,64523.000000000015,65061.400000000016,64337.400000000016,63799.000000000015,2000,False
69,QUALITY_CRITICAL,2,12,0.75,0.07949595153331757,0.9263582680227735,1580,69,1618.1999999999998,2982.2,2913.2,1549.1999999999998,2000,False
70,BALANCED,0,4,0.25,0.8305729627609253,0.5462770511434681,548,72,86490.19999999992,87028.59999999992,86956.59999999992,86418.19999999992,15000,False
71,BANDWIDTH_EFFICIENT,0,4,0.25,1.638675570487976,0.37897800365623113,548,685,57864.60000000001,58403.000000000015,57718.000000000015,57179.60000000001,5000,False
72,BALANCED,0,4,0.25,0.9275863170623779,0.5187835123897279,548,135,81608.59999999995,82146.99999999994,82011.99999999994,81473.59999999995,5000,False
73,BALANCED,0,4,0.25,0.5998607277870178,0.6250544079441429,548,484,41694.20000000001,42232.60000000001,41748.60000000001,41210.20000000001,11000,False
74,BALANCED,0,4,0.25,0.9105269908905029,0.5234157930079264,548,826,69117.4,69655.79999999999,68829.79999999999,68291.4,14000,False
75,BANDWIDTH_EFFICIENT,0,4,0.25,0.581922709941864,0.6321421354629584,548,99,82146.99999999994,82685.39999999994,82586.39999999994,82047.99999999994,5000,False
76,QUALITY_CRITICAL,2,12,0.75,0.22215773165225983,0.818224991833157,1580,433,36651.000000000015,38015.000000000015,37582.000000000015,36218.000000000015,8000,False
77,QUALITY_CRITICAL,2,12,0.75,0.13776583969593048,0.8789154719808177,1580,55,88392.59999999992,89756.59999999992,89701.59999999992,88337.59999999992,9000,False
78,QUALITY_CRITICAL,2,12,0.75,0.49051782488822937,0.6709077766815622,1580,100,87028.59999999992,88392.59999999992,88292.59999999992,86928.59999999992,12000,False
79,QUALITY_CRITICAL,2,12,0.75,0.20782777667045593,0.8279326070448869,1580,347,27139.00000000001,28503.00000000001,28156.00000000001,26792.00000000001,8000,False
80,BANDWIDTH_EFFICIENT,0,4,0.25,0.5774558782577515,0.6339321522605548,548,194,12781.4,13319.8,13125.8,12587.4,5000,False
81,QUALITY_CRITICAL,2,12,0.75,0.5584660172462463,0.6416565962515912,1580,432,35287.000000000015,36651.000000000015,36219.000000000015,34855.000000000015,9000,False
82,BALANCED,2,12,0.75,0.09163729846477509,0.9160551782229782,1580,255,22257.400000000005,23621.400000000005,23366.400000000005,22002.400000000005,6000,False
83,BANDWIDTH_EFFICIENT,0,4,0.25,0.8380319476127625,0.5440601842088767,548,100,85951.79999999993,86490.19999999992,86390.19999999992,85851.79999999993,9000,False
84,QUALITY_CRITICAL,2,12,0.75,0.08720353990793228,0.9197909713250961,1580,856,70194.19999999998,71558.19999999998,70702.19999999998,69338.19999999998,12000,False
85,BALANCED,0,4,0.25,0.9590141177177429,0.5104608440315902,548,170,10879.0,11417.4,11247.4,10709.0,3000,False
86,BALANCED,0,4,0.25,1.2092411518096924,0.4526441122920662,548,218,14934.999999999998,15473.399999999998,15255.399999999998,14716.999999999998,9000,False
87,BALANCED,0,4,0.25,0.6432483792304993,0.6085507295423472,548,388,29041.400000000012,29579.800000000014,29191.800000000014,28653.400000000012,2000,False
88,BANDWIDTH_EFFICIENT,0,4,0.25,1.1386594772338867,0.46758261922715555,548,948,77678.19999999997,78216.59999999996,77268.59999999996,76730.19999999997,8000,False
89,BALANCED,1,8,0.5,0.28369733691215515,0.7789998243709304,1064,713,60843.80000000002,61795.000000000015,61082.000000000015,60130.80000000002,6000,False
90,BALANCED,1,8,0.5,0.32260143756866455,0.7560856744858058,1064,677,56913.400000000016,57864.60000000001,57187.60000000001,56236.400000000016,14000,False
91,BANDWIDTH_EFFICIENT,0,4,0.25,0.8300848603248596,0.5464227488459138,548,194,13319.8,13858.199999999999,13664.199999999999,13125.8,9000,False
92,QUALITY_CRITICAL,2,12,0.75,0.16833586990833282,0.8559182558337951,1580,593,50793.400000000016,52157.400000000016,51564.400000000016,50200.400000000016,5000,False
93,LATENCY_CRITICAL,0,4,0.25,0.3650722801685333,0.7325619416112815,548,765,66138.20000000001,66676.6,65911.6,65373.20000000001,10000,False
94,BANDWIDTH_EFFICIENT,0,4,0.25,0.9120252728462219,0.5230056392044493,548,598,52157.400000000016,52695.80000000002,52097.80000000002,51559.400000000016,2000,False
95,BALANCED,1,8,0.5,0.362983763217926,0.7336844553738907,1064,161,8025.4,8976.6,8815.6,7864.4,10000,True
96,QUALITY_CRITICAL,2,12,0.75,0.09461667388677597,0.9135618192706584,1580,871,71558.19999999998,72922.19999999998,72051.19999999998,70687.19999999998,10000,False
97,BALANCED,0,4,0.25,0.41851794719696045,0.7049611194388016,548,69,1079.8,1618.1999999999998,1549.1999999999998,1010.8,3000,True
98,BALANCED,2,12,0.75,0.19291190803050995,0.8382848668607842,1580,413,32846.20000000001,34210.20000000001,33797.20000000001,32433.20000000001,15000,False
99,BANDWIDTH_EFFICIENT,1,8,0.5,0.8894062042236328,0.5292668129090353,1064,592,49842.20000000002,50793.400000000016,50201.400000000016,49250.20000000002,11000,False
100,BALANCED,2,12,0.75,0.07580822706222534,0.9295336983346563,1580,83,2982.2,4346.2,4263.2,2899.2,2000,False
