condition,metric,episodes,mean,episode_sd,ci95_low,ci95_high
Fixed_25pct,latency_ms,100,2.5631679999999997,0.08591230421867183,2.546267999999998,2.579822
Fixed_25pct,queueing_ms,100,2.024768,0.08591230421867183,2.007882999999999,2.041072
Fixed_25pct,mse,100,0.8253505982011556,0.10993615199226206,0.8041618336886165,0.8468621027320623
Fixed_25pct,quality,100,0.5706214502779683,0.028365792405932587,0.5651087201717961,0.5761599533348392
Fixed_25pct,packet_bytes,100,548.0,0.0,548.0,548.0
Fixed_25pct,deadline_miss_rate,100,0.083,0.07792122414154677,0.06799999999999996,0.09899999999999988
Fixed_50pct,latency_ms,100,4.8335680000000005,0.08591230421867174,4.816327999999998,4.850053000000003
Fixed_50pct,queueing_ms,100,3.882368,0.08591230421867176,3.86539,3.898951999999998
Fixed_50pct,mse,100,0.41485176656767725,0.07431896293059843,0.4003436608202757,0.4293172101452945
Fixed_50pct,quality,100,0.7269705528047201,0.03116934060600978,0.7209520752582455,0.7332031958752792
Fixed_50pct,packet_bytes,100,1064.0,0.0,1064.0,1064.0
Fixed_50pct,deadline_miss_rate,100,0.203,0.12508986668581412,0.17899999999999985,0.22700000000000004
Fixed_75pct,latency_ms,100,7.103968000000001,0.08591230421867183,7.086998999999995,7.120729999999999
Fixed_75pct,queueing_ms,100,5.739968000000001,0.08591230421867183,5.723432999999999,5.756815000000001
Fixed_75pct,mse,100,0.2017930179890245,0.04198613767063964,0.19356868553720422,0.2100235220137983
Fixed_75pct,quality,100,0.8427435614947629,0.025117350384778324,0.8377750321109961,0.8475920668120223
Fixed_75pct,packet_bytes,100,1580.0,0.0,1580.0,1580.0
Fixed_75pct,deadline_miss_rate,100,0.374,0.14257374487356614,0.34699999999999986,0.4019999999999998
Fixed_100pct,latency_ms,100,9.374367999999999,0.08591230421867188,9.357418999999997,9.390594999999998
Fixed_100pct,queueing_ms,100,7.597567999999999,0.08591230421867194,7.581160000000002,7.6142169999999965
Fixed_100pct,mse,100,0.11253068665415049,0.022192328945481222,0.108252224503085,0.11682132923044267
Fixed_100pct,quality,100,0.9031519572073389,0.016355602353910627,0.8999387118192765,0.9063128494976772
Fixed_100pct,packet_bytes,100,2096.0,0.0,2096.0,2096.0
Fixed_100pct,deadline_miss_rate,100,0.535,0.12007993970348217,0.512,0.5590000000000002
PPO_Raw,latency_ms,100,2.9156992,0.3749194390817495,2.844631399999999,2.9914442
PPO_Raw,queueing_ms,100,2.305472,0.31956967716229917,2.2442306000000007,2.369521600000001
PPO_Raw,mse,100,0.7618529437035322,0.12552558301788946,0.7373993196114901,0.7867852815650401
PPO_Raw,quality,100,0.5967149307463937,0.03806340147455637,0.589428238320771,0.6041705387280192
PPO_Raw,packet_bytes,100,637.784,83.82082709294542,621.7879999999999,654.8119999999998
PPO_Raw,deadline_miss_rate,100,0.109,0.1015983376941878,0.08999999999999993,0.1289999999999999
PPO_Orchestrated,latency_ms,100,3.4118847999999997,0.6366893910849792,3.289725199999999,3.5404473999999992
PPO_Orchestrated,queueing_ms,100,2.699696,0.5443209533525104,2.5971125999999995,2.807890199999999
PPO_Orchestrated,mse,100,0.6840998845770955,0.12535011726343157,0.659614148903638,0.7084222372770307
PPO_Orchestrated,quality,100,0.6294177096629716,0.0441749057359792,0.6209331678176454,0.6379992669201124
PPO_Orchestrated,packet_bytes,100,765.2360000000001,140.55768974145295,737.8879999999996,793.6159999999999
PPO_Orchestrated,deadline_miss_rate,100,0.131,0.10219312277954101,0.1109999999999999,0.15199999999999986
