comparison,metric,paired_episodes,mean_difference,ci95_low,ci95_high
PPO_Orchestrated_minus_PPO_Raw,latency_ms,100,0.4961855999999999,0.3979392,0.5993856000000002
PPO_Orchestrated_minus_PPO_Raw,queueing_ms,100,0.3942239999999999,0.3079487999999999,0.4842144000000001
PPO_Orchestrated_minus_PPO_Raw,mse,100,-0.0777530591264367,-0.0956623383425176,-0.0615181769169866
PPO_Orchestrated_minus_PPO_Raw,quality,100,0.0327027789165778,0.0272357947357814,0.0385180829127594
PPO_Orchestrated_minus_PPO_Raw,deadline_miss_rate,100,0.022,0.009,0.035
PPO_Orchestrated_minus_Fixed_25pct,latency_ms,100,0.8487167999999998,0.7261151999999997,0.9737952
PPO_Orchestrated_minus_Fixed_25pct,queueing_ms,100,0.6749279999999999,0.5700768000000003,0.7822560000000002
PPO_Orchestrated_minus_Fixed_25pct,mse,100,-0.1412507136240601,-0.1628139350824057,-0.1205850664079189
PPO_Orchestrated_minus_Fixed_25pct,quality,100,0.0587962593850033,0.0511752421124288,0.0667779996106051
PPO_Orchestrated_minus_Fixed_25pct,deadline_miss_rate,100,0.048,0.032,0.0639999999999999
PPO_Orchestrated_minus_Fixed_50pct,latency_ms,100,-1.4216831999999997,-1.5422208,-1.2974304000000003
PPO_Orchestrated_minus_Fixed_50pct,queueing_ms,100,-1.1826719999999995,-1.285872,-1.0757568
PPO_Orchestrated_minus_Fixed_50pct,mse,100,0.2692481180094182,0.2479964469857514,0.2900957370288671
PPO_Orchestrated_minus_Fixed_50pct,quality,100,-0.0975528431417485,-0.105582647261064,-0.0893868152327214
PPO_Orchestrated_minus_Fixed_50pct,deadline_miss_rate,100,-0.072,-0.093,-0.051
PPO_Orchestrated_minus_Fixed_75pct,latency_ms,100,-3.6920832,-3.8146848000000015,-3.568656
PPO_Orchestrated_minus_Fixed_75pct,queueing_ms,100,-3.040272,-3.1426464000000025,-2.9341824
PPO_Orchestrated_minus_Fixed_75pct,mse,100,0.482306866588071,0.4611802451312543,0.5031392370611429
PPO_Orchestrated_minus_Fixed_75pct,quality,100,-0.2133258518317913,-0.2210785974870053,-0.2053956216708142
PPO_Orchestrated_minus_Fixed_75pct,deadline_miss_rate,100,-0.243,-0.2710000000000001,-0.215
PPO_Orchestrated_minus_Fixed_100pct,latency_ms,100,-5.962483199999999,-6.085084799999999,-5.836992
PPO_Orchestrated_minus_Fixed_100pct,queueing_ms,100,-4.897872,-5.001071999999997,-4.7921951999999965
PPO_Orchestrated_minus_Fixed_100pct,mse,100,0.571569197922945,0.549238416383043,0.5942647144328804
PPO_Orchestrated_minus_Fixed_100pct,quality,100,-0.2737342475443672,-0.281641466341718,-0.2656536360992572
PPO_Orchestrated_minus_Fixed_100pct,deadline_miss_rate,100,-0.4039999999999999,-0.4299999999999999,-0.3779999999999998
PPO_Raw_minus_Fixed_25pct,latency_ms,100,0.3525311999999997,0.2823551999999999,0.4276608
PPO_Raw_minus_Fixed_25pct,queueing_ms,100,0.2807039999999999,0.2204352,0.3422112
PPO_Raw_minus_Fixed_25pct,mse,100,-0.0634976544976234,-0.0764851199351251,-0.0515713705159723
PPO_Raw_minus_Fixed_25pct,quality,100,0.0260934804684255,0.0213735305267827,0.0311461356574882
PPO_Raw_minus_Fixed_25pct,deadline_miss_rate,100,0.026,0.013,0.039
PPO_Raw_minus_Fixed_50pct,latency_ms,100,-1.9178688,-1.9876319999999983,-1.8439775999999983
PPO_Raw_minus_Fixed_50pct,queueing_ms,100,-1.576896,-1.636752000000001,-1.5133248000000008
PPO_Raw_minus_Fixed_50pct,mse,100,0.347001177135855,0.3312680427953603,0.3632044004760684
PPO_Raw_minus_Fixed_50pct,quality,100,-0.1302556220583263,-0.1358465192110219,-0.1246321781946516
PPO_Raw_minus_Fixed_50pct,deadline_miss_rate,100,-0.094,-0.1149999999999999,-0.0729999999999999
PPO_Raw_minus_Fixed_75pct,latency_ms,100,-4.1882688,-4.260508799999998,-4.113139199999999
PPO_Raw_minus_Fixed_75pct,queueing_ms,100,-3.434496,-3.493939200000004,-3.3721632000000024
PPO_Raw_minus_Fixed_75pct,mse,100,0.5600599257145077,0.5409840422365816,0.5796441355831923
PPO_Raw_minus_Fixed_75pct,quality,100,-0.2460286307483691,-0.2516615934963822,-0.2400998221315463
PPO_Raw_minus_Fixed_75pct,deadline_miss_rate,100,-0.265,-0.2890000000000001,-0.241
PPO_Raw_minus_Fixed_100pct,latency_ms,100,-6.458668799999999,-6.5284320000000005,-6.383952
PPO_Raw_minus_Fixed_100pct,queueing_ms,100,-5.292095999999999,-5.351126399999996,-5.229350399999997
PPO_Raw_minus_Fixed_100pct,mse,100,0.6493222570493817,0.6276901506222786,0.6709444683715705
PPO_Raw_minus_Fixed_100pct,quality,100,-0.306437026460945,-0.3124596919121661,-0.3003268109566381
PPO_Raw_minus_Fixed_100pct,deadline_miss_rate,100,-0.426,-0.45,-0.4019999999999997
